"minerID","capacity_GiB","storage_power_W","sealed_GiB_per_day","sealing_power_W","total_power_W"
"f01231",60826304,195935.2398124155,0,0,307618.3265054923
"f01278",100811.80952380953,324.73756871650744,688,1051.4652602914134,2160.638441542436
"f02301",2708574.4,8724.928850087117,0,0,13698.138294636774
"f02420",6864224,22111.21319431373,0,0,34714.60471507256
"f02540",284864,917.611172855808,0,0,1440.6495413836187
"f02721",6901824,22232.33127206093,0,0,34904.76009713566
"f02726",10331648,33280.56770533786,0,0,52250.491297380446
"f03176",11220224,36142.87135034573,0,0,56744.3080200428